From Type,From Name,Edge,To Type,To Name,Weight,Safe Path
Hi-Sec Node,Hilaban,Intrasystem,ITC,Tash-Murkon Prime,1,
Hi-Sec Node,Afnakat,Intrasystem,Hi-Sec Node,Arzanni,1,
Med-Sec Node,Col,Intrasystem,Hi-Sec Node,Afnakat,1,
Lo-Sec Node,Tegheon,Intrasystem,Med-Sec Node,Col,1,
Lo-Sec Node,Rilera,Intrasystem,Lo-Sec Node,Tegheon,1,
Hi-Sec Node,Edani,Intrasystem,Lo-Sec Node,Rilera,1,
Null-Sec Node,75FA-Z,Intrasystem,Null-Sec Node,YZ-LQL,1,
Null-Sec Node,I-CUVX,Intrasystem,Null-Sec Node,75FA-Z,1,
Null-Sec Node,I-CUVX,Intrasystem,Null-Sec Node,J-RQMF,1,
Null-Sec Node,KVN-36,Intrasystem,Null-Sec Node,J-RQMF,1,
Null-Sec Node,4HS-CR,Intrasystem,Null-Sec Node,KVN-36,1,
Null-Sec Node,WMH-SO,Intrasystem,Null-Sec Node,4HS-CR,1,
Null-Sec Node,LBGI-2,Intrasystem,Null-Sec Node,WMH-SO,1,
Null-Sec Node,Y-2ANO,Intrasystem,Null-Sec Node,LBGI-2,1,
Null-Sec Node,ZXB-VC,Intersystem,Null-Sec Node,Y-2ANO,1,
Null-Sec Node,5-CQDA,Intrasystem,Null-Sec Node,ZXB-VC,1,
Null-Sec Node,KEE-N6,Intrasystem,Null-Sec Node,5-CQDA,1,
Null-Sec Node,4X0-8B,Intrasystem,Null-Sec Node,KEE-N6,1,
Null-Sec Node,JP4-AA,Intrasystem,Null-Sec Node,4X0-8B,1,
Null-Sec Node,D-W7F0,Intrasystem,Null-Sec Node,JP4-AA,1,
Null-Sec Node,4K-TRB,Intrasystem,Null-Sec Node,D-W7F0,1,
Null-Sec Node,QX-LIJ,Intrasystem,Null-Sec Node,4K-TRB,1,
Null-Sec Node,0-IOAI,Intrasystem,Null-Sec Node,QX-LIJ,1,
Null-Sec Node,NOL-M9,Intrasystem,Null-Sec Node,0-IOAI,1,
Null-Sec Node,HM-XR2,Intrasystem,Null-Sec Node,NOL-M9,1,
Null-Sec Node,AJI-MA,Intrasystem,Null-Sec Node,HM-XR2,1,
Null-Sec Node,Q-HESZ,Intrasystem,Null-Sec Node,AJI-MA,1,
Null-Sec Node,F-XWIN,Intrasystem,Null-Sec Node,D5IW-F,1,
Null-Sec Node,D5IW-F,Intrasystem,Null-Sec Node,1L-BHT,1,
Lo-Sec Node,Azedi,Intrasystem,Lo-Sec Node,Galnafsad,1,
Lo-Sec Node,Azedi,Intrasystem,Lo-Sec Node,Bantish,1,
Null-Sec Node,HY-RWO,Intrasystem,Null-Sec Node,V-3YG7,1,
Null-Sec Node,6X7-JO,Intrasystem,Null-Sec Node,HY-RWO,1,
Null-Sec Node,A-803L,Intrasystem,Null-Sec Node,6X7-JO,1,
Null-Sec Node,I-8D0G,Intrasystem,Null-Sec Node,A-803L,1,
Null-Sec Node,WQH-4K,Intrasystem,Null-Sec Node,I-8D0G,1,
Null-Sec Node,ZXIC-7,Intrasystem,Null-Sec Node,WQH-4K,1,
Null-Sec Node,F4R2-Q,Intrasystem,Null-Sec Node,ZXIC-7,1,
Null-Sec Node,1P-WGB,Intrasystem,Null-Sec Node,F4R2-Q,1,
Null-Sec Node,Jamunda,Intersystem,Null-Sec Node,1P-WGB,1,
Null-Sec Node,Litom,Intrasystem,Null-Sec Node,Jamunda,1,
Hi-Sec Node,Dodixie,Intrasystem,Hi-Sec Node,Botane,1,
Hi-Sec Node,Dodixie,Intrasystem,Hi-Sec Node,Vylade,1,
Med-Sec Node,Arnola,Intrasystem,Hi-Sec Node,Kasrasi,1,
Med-Sec Node,Arnola,Intrasystem,Lo-Sec Node,Astabih,1,
Hi-Sec Node,Kasrasi,Intrasystem,Hi-Sec Node,Fovihi,1,
Hi-Sec Node,Fovihi,Intrasystem,Hi-Sec Node,Zaid,1,
Hi-Sec Node,Zaid,Intrasystem,Hi-Sec Node,Nirbhi,1,
Hi-Sec Node,Yuzier,Intrasystem,Hi-Sec Node,Nirbhi,1,
Lo-Sec Node,Sifilar,Intrasystem,Lo-Sec Node,Arzad,1,
Lo-Sec Node,Lamaa,Intrasystem,ITC,Kamela,5,
Lo-Sec Node,Lamaa,Intersystem,Lo-Sec Node,Tzvi,1,
Lo-Sec Node,Raa,Intrasystem,Lo-Sec Node,Sifilar,1,
Lo-Sec Node,Raa,Intrasystem,Lo-Sec Node,Tzvi,1,
Lo-Sec Node,Bimener,Intrasystem,Lo-Sec Node,Khabi,1,
Lo-Sec Node,Floseswin,Intrasystem,Lo-Sec Node,Aset,1,
Lo-Sec Node,Aset,Intrasystem,Lo-Sec Node,Isbrebata,1,
Lo-Sec Node,Passari,Intrasystem,Med-Sec Node,Litiura,1,
Lo-Sec Node,Mara,Intrasystem,Lo-Sec Node,Passari,1,
Med-Sec Node,Akonoinen,Intrasystem,Hi-Sec Node,Hageken,1,
Lo-Sec Node,Nisuwa,Intrasystem,Lo-Sec Node,Oinasiken,1,
Hi-Sec Node,Niyabainen,Intrasystem,Hi-Sec Node,Perimeter,1,
Null-Sec Node,JH-M2W,Intrasystem,Null-Sec Node,M2-CF1,1,
Null-Sec Node,EZA-FM,Intrasystem,Null-Sec Node,JH-M2W,1,
Null-Sec Node,6-CZ49,Intrasystem,Null-Sec Node,EZA-FM,1,
Lo-Sec Node,Reblier,Intersystem,Null-Sec Node,6-CZ49,1,
Hi-Sec Node,Chesiette,Intrasystem,Lo-Sec Node,Reblier,1,
Hi-Sec Node,Annelle,Intrasystem,Hi-Sec Node,Chesiette,1,
Hi-Sec Node,Masalle,Intrasystem,Hi-Sec Node,Annelle,1,
Hi-Sec Node,Claulenne,Intrasystem,Hi-Sec Node,Masalle,1,
Hi-Sec Node,Sortet,Intrasystem,Hi-Sec Node,Claulenne,1,
Lo-Sec Node,Hirri,Intrasystem,Lo-Sec Node,Pynekastoh,1,
Lo-Sec Node,Kedama,Intrasystem,Lo-Sec Node,Nisuwa,1,
Lo-Sec Node,Kedama,Intrasystem,Lo-Sec Node,Hirri,1,
Lo-Sec Node,Filet,Intrasystem,Med-Sec Node,Actee,1,
Lo-Sec Node,Filet,Intrasystem,Lo-Sec Node,Heydieles,1,
Lo-Sec Node,Deven,Intrasystem,Lo-Sec Node,Filet,1,
Lo-Sec Node,Nagamanen,Intersystem,Lo-Sec Node,Deven,1,
Hi-Sec Node,Alf,Intrasystem,Hi-Sec Node,Illuin,1,
Hi-Sec Node,Unel,Intrasystem,Hi-Sec Node,Auberulle,1,
Hi-Sec Node,Chainelant,Intrasystem,Hi-Sec Node,Unel,1,
Hi-Sec Node,Dodenvale,Intrasystem,Hi-Sec Node,Chainelant,1,
Lo-Sec Node,Olettiers,Intrasystem,Hi-Sec Node,Dodenvale,1,
Lo-Sec Node,Olettiers,Intrasystem,Med-Sec Node,Ambeke,1,
Hi-Sec Node,Korama,Intrasystem,ITC,Piekura,5,
Hi-Sec Node,Korama,Intrasystem,Hi-Sec Node,Malkalen,1,
Hi-Sec Node,Malkalen,Intersystem,Hi-Sec Node,New Caldari,1,
Hi-Sec Node,Malkalen,Intrasystem,Hi-Sec Node,Sobaseki,1,
Hi-Sec Node,New Caldari,Intrasystem,Hi-Sec Node,Niyabainen,1,
Hi-Sec Node,New Caldari,Intersystem,ITC,Alikara,5,
Lo-Sec Node,Yehaba,Intrasystem,Lo-Sec Node,Shirshocin,1,
Lo-Sec Node,Gens,Intrasystem,Lo-Sec Node,Yehaba,1,
Lo-Sec Node,Onsooh,Intrasystem,Lo-Sec Node,Sendaya,1,
Lo-Sec Node,Asabona,Intrasystem,Lo-Sec Node,Onsooh,1,
Lo-Sec Node,Irshah,Intrasystem,Lo-Sec Node,Asabona,1,
Lo-Sec Node,Gomati,Intrasystem,Lo-Sec Node,Irshah,1,
Lo-Sec Node,Assah,Intrasystem,Lo-Sec Node,Gomati,1,
Null-Sec Node,G-5EN2,Intersystem,Lo-Sec Node,Assah,1,
Null-Sec Node,9-F0B2,Intrasystem,Null-Sec Node,G-5EN2,1,
Med-Sec Node,Sasiekko,Intersystem,Lo-Sec Node,Raravoss,1,
Hi-Sec Node,Penirgman,Intrasystem,Hi-Sec Node,Ashab,1,
Hi-Sec Node,Orkashu,Intrasystem,Hi-Sec Node,Penirgman,1,
Hi-Sec Node,Youl,Intrasystem,Hi-Sec Node,Orkashu,1,
Hi-Sec Node,Sharhelund,Intrasystem,Hi-Sec Node,Youl,1,
Lo-Sec Node,Raravoss,Intrasystem,Hi-Sec Node,Sharhelund,1,
Lo-Sec Node,Sosala,Intrasystem,Med-Sec Node,Sasiekko,1,
Lo-Sec Node,Arayar,Intrasystem,Lo-Sec Node,Halmah,1,
Lo-Sec Node,Arayar,Intrasystem,Lo-Sec Node,Labapi,1,
Lo-Sec Node,Liparer,Intrasystem,Lo-Sec Node,Imih,1,
Lo-Sec Node,Miroona,Intrasystem,Lo-Sec Node,Liparer,1,
Lo-Sec Node,Miroona,Intrasystem,Lo-Sec Node,Jedandan,1,
Lo-Sec Node,Enal,Intrasystem,Lo-Sec Node,Jedandan,1,
Med-Sec Node,Piri,Intrasystem,Lo-Sec Node,Enal,1,
Lo-Sec Node,Menai,Intrasystem,Lo-Sec Node,Noranim,1,
Lo-Sec Node,Atarli,Intrasystem,Med-Sec Node,Piri,1,
Lo-Sec Node,Atarli,Intersystem,Lo-Sec Node,Menai,1,
Med-Sec Node,Shokal,Intrasystem,Lo-Sec Node,Atarli,1,
Null-Sec Node,7GCD-P,Intrasystem,Null-Sec Node,0-WT2D,1,
Null-Sec Node,0-WT2D,Intrasystem,Null-Sec Node,7V-KHW,1,
Null-Sec Node,7V-KHW,Intrasystem,Null-Sec Node,T8H-66,1,
Null-Sec Node,T8H-66,Intrasystem,Null-Sec Node,A2-V27,1,
Null-Sec Node,A2-V27,Intersystem,Lo-Sec Node,Kaira,1,
Lo-Sec Node,Ashmarir,Intrasystem,Lo-Sec Node,Kaira,1,
Hi-Sec Node,Arzanni,Intrasystem,Lo-Sec Node,Ashmarir,1,
Lo-Sec Node,Otou,Intersystem,Med-Sec Node,Hek,1,
Lo-Sec Node,Miroitem,Intrasystem,Lo-Sec Node,Otou,1,
Lo-Sec Node,Rancer,Intrasystem,Lo-Sec Node,Miroitem,1,
Lo-Sec Node,Rancer,Intrasystem,Lo-Sec Node,Crielere,1,
Med-Sec Node,Ambeke,Intrasystem,Lo-Sec Node,Crielere,1,
Med-Sec Node,Faurent,Intrasystem,Med-Sec Node,Ambeke,1,
Hi-Sec Node,Iyen-Oursta,Intrasystem,Med-Sec Node,Faurent,1,
Hi-Sec Node,Zorozih,Intrasystem,Hi-Sec Node,Gensela,1,
Hi-Sec Node,Akhragan,Intersystem,Hi-Sec Node,Zorozih,1,
Hi-Sec Node,Odin,Intrasystem,Hi-Sec Node,Ohide,1,
Hi-Sec Node,Esescama,Intrasystem,Hi-Sec Node,Odin,1,
Hi-Sec Node,Uadelah,Intrasystem,Hi-Sec Node,Esescama,1,
Hi-Sec Node,Uadelah,Intrasystem,Hi-Sec Node,Hati,1,
Hi-Sec Node,Yuhelia,Intersystem,Hi-Sec Node,Hati,1,
Hi-Sec Node,Yuhelia,Intrasystem,Hi-Sec Node,Barira,1,
Hi-Sec Node,Bagodan,Intrasystem,Hi-Sec Node,Barira,1,
Hi-Sec Node,Hama,Intrasystem,Hi-Sec Node,Bagodan,1,
Med-Sec Node,Hror,Intrasystem,Lo-Sec Node,Resbroko,1,
Lo-Sec Node,Resbroko,Intrasystem,Lo-Sec Node,Hadozeko,1,
Lo-Sec Node,Hadozeko,Intrasystem,Lo-Sec Node,Ardar,1,
Lo-Sec Node,Ardar,Intrasystem,Lo-Sec Node,Floseswin,1,
Lo-Sec Node,Ardar,Intrasystem,Lo-Sec Node,Frerstorn,1,
Lo-Sec Node,Frerstorn,Intrasystem,Lo-Sec Node,Eszur,1,
Lo-Sec Node,Eszur,Intersystem,Lo-Sec Node,Siseide,1,
Hi-Sec Node,Agrallarier,Intrasystem,ITC,Auvergne,5,
Hi-Sec Node,Soumi,Intrasystem,Hi-Sec Node,Kulu,1,
Hi-Sec Node,Kulu,Intersystem,Hi-Sec Node,Moniyyuku,1,
Hi-Sec Node,Moniyyuku,Intrasystem,Hi-Sec Node,Edani,1,
Hi-Sec Node,Moniyyuku,Intrasystem,Med-Sec Node,Reteka,1,
Med-Sec Node,Reteka,Intrasystem,Med-Sec Node,Palas,1,
Med-Sec Node,Palas,Intrasystem,Hi-Sec Node,Gidali,1,
Hi-Sec Node,Gidali,Intrasystem,Hi-Sec Node,Molea,1,
Hi-Sec Node,Molea,Intersystem,Hi-Sec Node,Nakregde,1,
Null-Sec Node,Sakht,Intrasystem,Null-Sec Node,Naga,1,
Null-Sec Node,Sakht,Intrasystem,Lo-Sec Node,Tisot,1,
Med-Sec Node,Tzashrah,Intrasystem,Lo-Sec Node,Efa,1,
Med-Sec Node,Tzashrah,Intrasystem,Hi-Sec Node,Badivefi,1,
Hi-Sec Node,Badivefi,Intrasystem,Hi-Sec Node,Sazre,1,
Hi-Sec Node,Jachanu,Intrasystem,Hi-Sec Node,Sazre,1,
Hi-Sec Node,Kihtaled,Intrasystem,Hi-Sec Node,Ipref,1,
Hi-Sec Node,Kihtaled,Intrasystem,Hi-Sec Node,Jachanu,1,
Hi-Sec Node,Gousoviba,Intrasystem,Hi-Sec Node,Kihtaled,1,
Hi-Sec Node,Mimime,Intersystem,Hi-Sec Node,Gousoviba,1,
Hi-Sec Node,Hostni,Intrasystem,Hi-Sec Node,Mimime,1,
Hi-Sec Node,Asesamy,Intrasystem,Hi-Sec Node,Hostni,1,
Hi-Sec Node,Onazel,Intrasystem,Hi-Sec Node,Asesamy,1,
Hi-Sec Node,Lossa,Intrasystem,Hi-Sec Node,Onazel,1,
Null-Sec Node,3-FKCZ,Intersystem,Lo-Sec Node,Efa,1,
Null-Sec Node,0TKF-6,Intrasystem,Null-Sec Node,3-FKCZ,1,
Null-Sec Node,YOP-0T,Intrasystem,Null-Sec Node,0TKF-6,1,
Null-Sec Node,9ES-SI,Intrasystem,Null-Sec Node,YOP-0T,1,
Null-Sec Node,V-LEKM,Intrasystem,Null-Sec Node,9ES-SI,1,
Null-Sec Node,K7D-II,Intrasystem,Null-Sec Node,V-LEKM,1,
Null-Sec Node,G-3BOG,Intrasystem,Null-Sec Node,K7D-II,1,
Null-Sec Node,L-6BE1,Intrasystem,Null-Sec Node,7GCD-P,1,
Null-Sec Node,L-6BE1,Intrasystem,Null-Sec Node,G-3BOG,1,
Null-Sec Node,MKD-O8,Intrasystem,Null-Sec Node,L-6BE1,1,
Null-Sec Node,GOP-GE,Intrasystem,Null-Sec Node,MKD-O8,1,
Null-Sec Node,SKR-SP,Intrasystem,Null-Sec Node,GOP-GE,1,
Null-Sec Node,V-3UT8,Intrasystem,Null-Sec Node,SKR-SP,1,
Null-Sec Node,T8T-RA,Intrasystem,Null-Sec Node,V-3UT8,1,
Null-Sec Node,A-B04V,Intrasystem,Null-Sec Node,T8T-RA,1,
Hi-Sec Node,Ivar,Intrasystem,Hi-Sec Node,Trytedald,1,
Hi-Sec Node,Ameinaka,Intrasystem,Hi-Sec Node,Ivar,1,
Hi-Sec Node,Arlulf,Intrasystem,Hi-Sec Node,Alf,1,
Hi-Sec Node,Arlulf,Intersystem,Hi-Sec Node,Ameinaka,1,
Hi-Sec Node,Stirht,Intrasystem,Hi-Sec Node,Arlulf,1,
Hi-Sec Node,Stirht,Intrasystem,Hi-Sec Node,Illuin,1,
Med-Sec Node,Anher,Intrasystem,Lo-Sec Node,Hagilur,1,
Lo-Sec Node,Otosela,Intrasystem,Lo-Sec Node,Akkio,1,
Lo-Sec Node,Tasti,Intrasystem,Lo-Sec Node,Otosela,1,
Lo-Sec Node,Modun,Intersystem,Lo-Sec Node,Tasti,3,
Lo-Sec Node,Sagain,Intrasystem,Lo-Sec Node,Modun,1,
Hi-Sec Node,Paye,Intrasystem,Hi-Sec Node,Goni,1,
Hi-Sec Node,Paye,Intrasystem,Lo-Sec Node,Sagain,1,
Hi-Sec Node,Goni,Intrasystem,Hi-Sec Node,Shesha,1,
Hi-Sec Node,Shesha,Intrasystem,Hi-Sec Node,Hilaban,1,
Hi-Sec Node,Emrayur,Intrasystem,Hi-Sec Node,Lossa,1,
Hi-Sec Node,Emrayur,Intrasystem,Hi-Sec Node,Shesha,1,
Hi-Sec Node,Eram,Intersystem,Hi-Sec Node,Vullat,1,
Hi-Sec Node,Elgoi,Intrasystem,Hi-Sec Node,Eram,1,
Hi-Sec Node,Arlek,Intrasystem,Hi-Sec Node,Elgoi,1,
Lo-Sec Node,Naka,Intrasystem,Lo-Sec Node,Gayar,1,
Lo-Sec Node,Chej,Intrasystem,Lo-Sec Node,Noranim,1,
Lo-Sec Node,Chej,Intrasystem,Lo-Sec Node,Gayar,1,
Lo-Sec Node,Noranim,Intersystem,Lo-Sec Node,Nebian,3,
Lo-Sec Node,Fensi,Intrasystem,Lo-Sec Node,Nebian,1,
Lo-Sec Node,Ami,Intrasystem,Lo-Sec Node,Fensi,1,
Lo-Sec Node,Ami,Intrasystem,Hi-Sec Node,Amdonen,1,
Hi-Sec Node,Amdonen,Intrasystem,Hi-Sec Node,Leva,1,
Hi-Sec Node,Inaro,Intrasystem,Hi-Sec Node,Sirppala,1,
Hi-Sec Node,Kuomi,Intrasystem,Med-Sec Node,Tuomuta,1,
Null-Sec Node,IMK-K1,Intrasystem,Null-Sec Node,W6VP-Y,3,
Null-Sec Node,NJ4X-S,Intrasystem,Null-Sec Node,IMK-K1,1,
Null-Sec Node,F-G7BO,Intrasystem,Null-Sec Node,NJ4X-S,1,
Null-Sec Node,2CG-5V,Intrasystem,Null-Sec Node,F-G7BO,1,
Null-Sec Node,Y5J-EU,Intrasystem,Null-Sec Node,G5ED-Y,1,
Null-Sec Node,Y5J-EU,Intersystem,Null-Sec Node,2CG-5V,3,
Null-Sec Node,G5ED-Y,Intrasystem,Null-Sec Node,UL-4ZW,1,
Null-Sec Node,UL-4ZW,Intrasystem,Null-Sec Node,R-RSZZ,1,
Null-Sec Node,R-RSZZ,Intrasystem,Null-Sec Node,7G-H7D,1,
Null-Sec Node,7G-H7D,Intrasystem,Null-Sec Node,1VK-6B,1,
Null-Sec Node,S6QX-N,Intrasystem,Null-Sec Node,1VK-6B,1,
Null-Sec Node,IT-YAU,Intrasystem,Null-Sec Node,S6QX-N,1,
Null-Sec Node,1W-0KS,Intrasystem,Null-Sec Node,IT-YAU,1,
Null-Sec Node,QP0K-B,Intersystem,Null-Sec Node,1W-0KS,3,
Null-Sec Node,TJM-JJ,Intrasystem,Null-Sec Node,QP0K-B,1,
Null-Sec Node,EOA-ZC,Intrasystem,Null-Sec Node,TJM-JJ,1,
Lo-Sec Node,Akkio,Intersystem,Null-Sec Node,EOA-ZC,3,
Null-Sec Node,0SHT-A,Intrasystem,Null-Sec Node,D87E-A,1,
Null-Sec Node,D87E-A,Intrasystem,Null-Sec Node,K-B2D3,1,
Null-Sec Node,K-B2D3,Intrasystem,Null-Sec Node,VOL-MI,1,
Lo-Sec Node,Aldranette,Intrasystem,Lo-Sec Node,Vlillirier,3,
Hi-Sec Node,Unpas,Intersystem,Hi-Sec Node,Hjortur,3,
Hi-Sec Node,Hjortur,Intrasystem,Hi-Sec Node,Illuin,3,
Hi-Sec Node,Illuin,Intrasystem,Hi-Sec Node,Leurtmar,3,
Hi-Sec Node,Leurtmar,Intrasystem,Hi-Sec Node,Ryddinjorn,3,
Hi-Sec Node,Ryddinjorn,Intrasystem,Hi-Sec Node,Arlek,1,
Hi-Sec Node,Ryddinjorn,Intersystem,Hi-Sec Node,Meirakulf,3,
Hi-Sec Node,Ohide,Intersystem,ITC,Kamela,5,
Hi-Sec Node,Sasoutikh,Intrasystem,Hi-Sec Node,Ohide,1,
Hi-Sec Node,Gheth,Intrasystem,Hi-Sec Node,Sasoutikh,1,
Hi-Sec Node,Mahatoor,Intrasystem,Lo-Sec Node,Raa,1,
Hi-Sec Node,Mahatoor,Intrasystem,Hi-Sec Node,Gheth,1,
Hi-Sec Node,Eredan,Intrasystem,Hi-Sec Node,Mahatoor,1,
Hi-Sec Node,Lisudeh,Intrasystem,Hi-Sec Node,Eredan,1,
Hi-Sec Node,Lashesih,Intrasystem,Hi-Sec Node,Sasta,1,
Hi-Sec Node,Lashesih,Intersystem,Hi-Sec Node,Lisudeh,3,
Lo-Sec Node,Astabih,Intrasystem,Lo-Sec Node,Khabi,1,
Null-Sec Node,MXYS-8,Intrasystem,Null-Sec Node,6-U2M8,1,
Lo-Sec Node,Bapraya,Intrasystem,Lo-Sec Node,Pserz,1,
Lo-Sec Node,Ghekon,Intrasystem,Lo-Sec Node,Sza,1,
Lo-Sec Node,Ned,Intrasystem,Lo-Sec Node,Nouta,1,
Lo-Sec Node,Nouta,Intrasystem,Lo-Sec Node,Fobiner,1,
Lo-Sec Node,Fobiner,Intrasystem,Lo-Sec Node,Bapraya,1,
Lo-Sec Node,Pserz,Intrasystem,Lo-Sec Node,Ghekon,1,
Lo-Sec Node,Sza,Intersystem,Null-Sec Node,MXYS-8,3,
Null-Sec Node,XS-XAY,Intrasystem,Null-Sec Node,6-U2M8,1,
Null-Sec Node,35-RK9,Intrasystem,Null-Sec Node,XS-XAY,1,
Null-Sec Node,IIRH-G,Intrasystem,Null-Sec Node,35-RK9,1,
Null-Sec Node,VV-VCR,Intrasystem,Null-Sec Node,IIRH-G,1,
Null-Sec Node,1DH-SX,Intersystem,Null-Sec Node,F2OY-X,3,
Null-Sec Node,K4-RFZ,Intersystem,Lo-Sec Node,Ned,3,
Null-Sec Node,F2OY-X,Intrasystem,Null-Sec Node,4-2UXV,1,
Null-Sec Node,DG-L7Z,Intrasystem,Null-Sec Node,K4-RFZ,1,
Null-Sec Node,RKM-GE,Intrasystem,Null-Sec Node,DG-L7Z,1,
Null-Sec Node,4-2UXV,Intrasystem,Null-Sec Node,RKM-GE,1,
Hi-Sec Node,Aeddin,Intersystem,Hi-Sec Node,Austraka,3,
Hi-Sec Node,Austraka,Intrasystem,Hi-Sec Node,Gerek,1,
Hi-Sec Node,Gerek,Intrasystem,Hi-Sec Node,Rokofur,1,
Hi-Sec Node,Rokofur,Intrasystem,Lo-Sec Node,Gultratren,1,
Lo-Sec Node,Arnstur,Intrasystem,Lo-Sec Node,Todifrauan,1,
Lo-Sec Node,Arnstur,Intersystem,Lo-Sec Node,Gultratren,3,
Lo-Sec Node,Todifrauan,Intersystem,Lo-Sec Node,Akkio,3,
Lo-Sec Node,Todifrauan,Intrasystem,Lo-Sec Node,Evati,1,
Lo-Sec Node,Evati,Intrasystem,Med-Sec Node,Anher,1,
Lo-Sec Node,Evati,Intrasystem,Lo-Sec Node,Arnher,1,
Lo-Sec Node,Labapi,Intrasystem,Lo-Sec Node,Roushzar,1,
Lo-Sec Node,Roushzar,Intersystem,Lo-Sec Node,Huola,3,
Lo-Sec Node,Huola,Intrasystem,Lo-Sec Node,Kourmonen,1,
Lo-Sec Node,Huola,Intrasystem,Hi-Sec Node,Otelen,1,
Hi-Sec Node,Amane,Intrasystem,Med-Sec Node,Actee,1,
Lo-Sec Node,Gulmorogod,Intersystem,Lo-Sec Node,Egmar,3,
Lo-Sec Node,Egmar,Intrasystem,Lo-Sec Node,Arnher,1,
Lo-Sec Node,Arnher,Intersystem,Hi-Sec Node,Amane,3,
Lo-Sec Node,Indregulle,Intrasystem,Lo-Sec Node,Heydieles,1,
Lo-Sec Node,Murethand,Intersystem,Med-Sec Node,Mesybier,1,
Lo-Sec Node,Murethand,Intersystem,Lo-Sec Node,Indregulle,3,
Lo-Sec Node,Melmaniel,Intrasystem,Lo-Sec Node,Murethand,1,
Lo-Sec Node,Ouelletta,Intrasystem,Lo-Sec Node,Melmaniel,1,
Lo-Sec Node,Loes,Intrasystem,Lo-Sec Node,Ouelletta,1,
Lo-Sec Node,Kinakka,Intrasystem,Lo-Sec Node,Innia,1,
Lo-Sec Node,Kinakka,Intrasystem,ITC,Onnamon,5,
Lo-Sec Node,Martoh,Intrasystem,Lo-Sec Node,Kinakka,1,
Lo-Sec Node,Eha,Intrasystem,Lo-Sec Node,Innia,1,
Lo-Sec Node,Eha,Intrasystem,Lo-Sec Node,Martoh,1,
Lo-Sec Node,Oicx,Intersystem,Lo-Sec Node,Eha,3,
Hi-Sec Node,Zatsyaki,Intrasystem,Hi-Sec Node,Bhizheba,1,
Hi-Sec Node,Safizon,Intrasystem,Hi-Sec Node,Zatsyaki,1,
Hi-Sec Node,Jennim,Intersystem,Hi-Sec Node,Safizon,3,
Hi-Sec Node,Elmed,Intrasystem,Hi-Sec Node,Jennim,1,
Hi-Sec Node,Arant,Intrasystem,Med-Sec Node,Villore,1,
Hi-Sec Node,Kemerk,Intersystem,Hi-Sec Node,Arant,3,
Lo-Sec Node,Moclinamaud,Intrasystem,Lo-Sec Node,Frarie,1,
Lo-Sec Node,Frarie,Intrasystem,Lo-Sec Node,Vey,1,
Lo-Sec Node,Vey,Intrasystem,Lo-Sec Node,Agoze,1,
Lo-Sec Node,Agoze,Intersystem,Lo-Sec Node,Loes,3,
Lo-Sec Node,Olin,Intrasystem,Lo-Sec Node,Otakod,1,
Hi-Sec Node,Alillere,Intrasystem,Med-Sec Node,Aurcel,1,
Hi-Sec Node,Eglennaert,Intrasystem,Hi-Sec Node,Vylade,1,
Hi-Sec Node,Eglennaert,Intrasystem,Hi-Sec Node,Agrallarier,1,
Hi-Sec Node,Eglennaert,Intrasystem,Hi-Sec Node,Bourynes,1,
Lo-Sec Node,Saphthar,Intrasystem,Lo-Sec Node,Naka,1,
Lo-Sec Node,Saphthar,Intrasystem,ITC,Itrin,5,
Lo-Sec Node,Saphthar,Intrasystem,Lo-Sec Node,Bantish,1,
Lo-Sec Node,Korridi,Intrasystem,Lo-Sec Node,Bantish,1,
Hi-Sec Node,Cat,Intrasystem,Hi-Sec Node,Derririntel,1,
Hi-Sec Node,Derririntel,Intersystem,Hi-Sec Node,Tierijev,3,
Null-Sec Node,X-BV98,Intrasystem,Null-Sec Node,Poitot,1,
Null-Sec Node,Poitot,Intrasystem,Null-Sec Node,F67E-Q,1,
Null-Sec Node,F67E-Q,Intrasystem,Null-Sec Node,MHC-R3,1,
Med-Sec Node,Vivanier,Intrasystem,Lo-Sec Node,Dour,1,
Lo-Sec Node,Dour,Intrasystem,Lo-Sec Node,Pelille,1,
Lo-Sec Node,Pelille,Intrasystem,ITC,Ostingele,5,
Hi-Sec Node,Osmomonne,Intrasystem,Hi-Sec Node,Tierijev,1,
Hi-Sec Node,Scolluzer,Intrasystem,Hi-Sec Node,Sortet,1,
Hi-Sec Node,Scolluzer,Intrasystem,Hi-Sec Node,Osmomonne,1,
Hi-Sec Node,Synchelle,Intersystem,Hi-Sec Node,Kassigainen,3,
Hi-Sec Node,Mabnen,Intrasystem,Hi-Sec Node,Martha,1,
Null-Sec Node,Utopia,Intrasystem,Null-Sec Node,Litom,1,
Lo-Sec Node,Anckee,Intrasystem,Lo-Sec Node,Elore,1,
Lo-Sec Node,Yveve,Intrasystem,Lo-Sec Node,Elore,1,
Lo-Sec Node,Yveve,Intrasystem,Lo-Sec Node,Conomette,1,
Lo-Sec Node,Conomette,Intersystem,Null-Sec Node,Y9G-KS,3,
Null-Sec Node,Y9G-KS,Intrasystem,Null-Sec Node,97X-CH,1,
Null-Sec Node,97X-CH,Intrasystem,Null-Sec Node,M2-CF1,1,
Null-Sec Node,M2-CF1,Intrasystem,Null-Sec Node,8-JYPM,1,
Null-Sec Node,M2-CF1,Intrasystem,Null-Sec Node,VV-VCR,1,
Null-Sec Node,8-JYPM,Intrasystem,Null-Sec Node,ZVN5-H,1,
Null-Sec Node,ZVN5-H,Intrasystem,Null-Sec Node,6E-578,1,
Null-Sec Node,MHC-R3,Intrasystem,Null-Sec Node,6E-578,1,
Lo-Sec Node,Harroule,Intrasystem,ITC,Ostingele,5,
Lo-Sec Node,Harroule,Intersystem,Null-Sec Node,MHC-R3,3,
Hi-Sec Node,Carirgnottin,Intrasystem,Hi-Sec Node,Tolle,1,
Hi-Sec Node,Scuelazyns,Intrasystem,Hi-Sec Node,Enedore,1,
Hi-Sec Node,Scuelazyns,Intrasystem,Hi-Sec Node,Carirgnottin,1,
Hi-Sec Node,Enedore,Intrasystem,Hi-Sec Node,Aice,1,
Hi-Sec Node,Aice,Intrasystem,ITC,Bereye,5,
Lo-Sec Node,Saidusairos,Intrasystem,Lo-Sec Node,Kurniainen,1,
Lo-Sec Node,Gratesier,Intersystem,Lo-Sec Node,Saidusairos,3,
Lo-Sec Node,Schoorasana,Intrasystem,Lo-Sec Node,Gratesier,1,
Lo-Sec Node,Mormelot,Intersystem,Lo-Sec Node,Schoorasana,3,
Lo-Sec Node,Mannar,Intrasystem,Lo-Sec Node,Mormelot,1,
Lo-Sec Node,Heild,Intrasystem,Hi-Sec Node,Olide,1,
Lo-Sec Node,Elarel,Intrasystem,Lo-Sec Node,Heild,1,
Med-Sec Node,Bilie,Intrasystem,Lo-Sec Node,Elarel,1,
Hi-Sec Node,Olide,Intrasystem,Lo-Sec Node,Mannar,1,
Hi-Sec Node,Caslemon,Intrasystem,Med-Sec Node,Mesybier,1,
Hi-Sec Node,Jolevier,Intrasystem,Hi-Sec Node,Caslemon,1,
Hi-Sec Node,Yashunen,Intersystem,Hi-Sec Node,Jolevier,3,
Hi-Sec Node,Marosier,Intrasystem,Hi-Sec Node,Lirsautton,1,
Hi-Sec Node,Vaurent,Intrasystem,Hi-Sec Node,Marosier,1,
Hi-Sec Node,Atlanins,Intrasystem,Hi-Sec Node,Vaurent,1,
Hi-Sec Node,Leremblompes,Intrasystem,Hi-Sec Node,Atlanins,1,
Hi-Sec Node,Leremblompes,Intrasystem,Med-Sec Node,Bilie,1,
Hi-Sec Node,Pettinck,Intrasystem,Hi-Sec Node,Auberulle,1,
Hi-Sec Node,Pettinck,Intrasystem,Hi-Sec Node,Du Annes,1,
Hi-Sec Node,Luminaire,Intrasystem,Hi-Sec Node,Algogille,1,
Hi-Sec Node,Luminaire,Intersystem,Hi-Sec Node,Pettinck,3,
Hi-Sec Node,Yezara,Intrasystem,Hi-Sec Node,Osis,1,
Lo-Sec Node,Kenobanala,Intrasystem,Lo-Sec Node,Bimener,1,
Lo-Sec Node,Kenobanala,Intrasystem,Lo-Sec Node,Astabih,1,
Lo-Sec Node,Kenobanala,Intrasystem,Lo-Sec Node,Ubtes,1,
Lo-Sec Node,Audesder,Intersystem,Lo-Sec Node,Kenobanala,3,
Lo-Sec Node,Aedald,Intrasystem,Lo-Sec Node,Audesder,1,
Lo-Sec Node,Helid,Intrasystem,Lo-Sec Node,Aedald,1,
Lo-Sec Node,Shapisin,Intrasystem,Lo-Sec Node,Galnafsad,1,
Hi-Sec Node,Rens,Intrasystem,Hi-Sec Node,Odatrik,1,
Hi-Sec Node,Frarn,Intersystem,Hi-Sec Node,Avesber,1,
Hi-Sec Node,Frarn,Intrasystem,Hi-Sec Node,Meirakulf,3,
Hi-Sec Node,Frarn,Intrasystem,Hi-Sec Node,Rens,1,
Hi-Sec Node,Lustrevik,Intrasystem,Hi-Sec Node,Onga,1,
Lo-Sec Node,Bosena,Intrasystem,Lo-Sec Node,Helid,1,
Lo-Sec Node,Ziasad,Intrasystem,Lo-Sec Node,Assez,1,
Lo-Sec Node,Assez,Intrasystem,Med-Sec Node,Serren,1,
Med-Sec Node,Sibe,Intrasystem,Hi-Sec Node,Gergish,1,
Med-Sec Node,Sibe,Intrasystem,Lo-Sec Node,Ziasad,1,
Med-Sec Node,Zoohen,Intrasystem,Med-Sec Node,Serren,1,
Med-Sec Node,Zoohen,Intrasystem,Med-Sec Node,Nasreri,1,
Hi-Sec Node,Kehour,Intrasystem,Hi-Sec Node,Akhragan,1,
Hi-Sec Node,Kehour,Intrasystem,Hi-Sec Node,Boranai,1,
Lo-Sec Node,Isbrebata,Intersystem,Lo-Sec Node,Kurniainen,3,
Lo-Sec Node,Sosan,Intrasystem,ITC,Asghed,3,
Lo-Sec Node,Sosan,Intersystem,Lo-Sec Node,Oyonata,3,
Lo-Sec Node,Oyonata,Intrasystem,Lo-Sec Node,Kurniainen,1,
Lo-Sec Node,Eytjangard,Intrasystem,Lo-Sec Node,Isbrebata,1,
Lo-Sec Node,Avenod,Intrasystem,Lo-Sec Node,Eytjangard,1,
Med-Sec Node,Audaerne,Intersystem,Lo-Sec Node,Avenod,3,
Med-Sec Node,Augnais,Intrasystem,Med-Sec Node,Audaerne,1,
Hi-Sec Node,Halenan,Intrasystem,Hi-Sec Node,Mili,1,
Hi-Sec Node,Uktiad,Intrasystem,Hi-Sec Node,Halenan,1,
Med-Sec Node,Arveyil,Intrasystem,Hi-Sec Node,Uktiad,1,
Med-Sec Node,Aurcel,Intrasystem,Lo-Sec Node,Egghelende,1,
Med-Sec Node,Aurcel,Intrasystem,Hi-Sec Node,Pozirblant,1,
Hi-Sec Node,Bourynes,Intrasystem,Hi-Sec Node,Pozirblant,1,
Hi-Sec Node,Bourynes,Intrasystem,Hi-Sec Node,Alillere,1,
Hi-Sec Node,Bourynes,Intersystem,Hi-Sec Node,Ethernity,3,
Hi-Sec Node,Ethernity,Intrasystem,Hi-Sec Node,Mattere,1,
Hi-Sec Node,Adreland,Intersystem,Hi-Sec Node,Mattere,3,
Hi-Sec Node,Kusomonmon,Intersystem,Hi-Sec Node,Urlen,3,
Hi-Sec Node,Suroken,Intrasystem,Hi-Sec Node,Kusomonmon,1,
Hi-Sec Node,Haatomo,Intrasystem,Hi-Sec Node,Suroken,1,
Hi-Sec Node,Grinacanne,Intrasystem,Hi-Sec Node,Erme,1,
Hi-Sec Node,Grinacanne,Intrasystem,Hi-Sec Node,Adreland,1,
Hi-Sec Node,Merolles,Intrasystem,Hi-Sec Node,Tourier,1,
Hi-Sec Node,Merolles,Intrasystem,ITC,Alentene,3,
Hi-Sec Node,Merolles,Intersystem,Hi-Sec Node,Tar,3,
Hi-Sec Node,Pakhshi,Intrasystem,Hi-Sec Node,Tar,1,
Hi-Sec Node,Pakhshi,Intersystem,Hi-Sec Node,Synchelle,3,
Null-Sec Node,F9E-KX,Intrasystem,Null-Sec Node,SV5-8Z,1,
Null-Sec Node,7MD-S1,Intersystem,Null-Sec Node,T-RPFU,3,
Null-Sec Node,ERVK-P,Intrasystem,Null-Sec Node,7MD-S1,1,
Null-Sec Node,UL-7I8,Intrasystem,Null-Sec Node,ERVK-P,1,
Null-Sec Node,G-AOTH,Intrasystem,Null-Sec Node,UL-7I8,1,
Null-Sec Node,ZQ-Z3Y,Intrasystem,Null-Sec Node,G-AOTH,1,
Null-Sec Node,D-GTMI,Intersystem,Null-Sec Node,F9E-KX,3,
Null-Sec Node,T-RPFU,Intrasystem,Null-Sec Node,D-GTMI,1,
Null-Sec Node,9UY4-H,Intersystem,Null-Sec Node,ZQ-Z3Y,3,
Null-Sec Node,4B-NQN,Intrasystem,Null-Sec Node,9UY4-H,1,
Null-Sec Node,YWS0-Z,Intrasystem,Null-Sec Node,9-F0B2,1,
Null-Sec Node,YWS0-Z,Intrasystem,Null-Sec Node,4B-NQN,1,
Null-Sec Node,XHQ-7V,Intrasystem,Null-Sec Node,YWS0-Z,1,
Null-Sec Node,KBP7-G,Intrasystem,Null-Sec Node,XHQ-7V,1,
Null-Sec Node,WHG2-7,Intrasystem,ITC,9RQ-L8,5,
Null-Sec Node,Q-Q2S6,Intrasystem,Null-Sec Node,WHG2-7,1,
Null-Sec Node,X1E-OQ,Intrasystem,Null-Sec Node,Q-Q2S6,1,
Null-Sec Node,MB4D-4,Intrasystem,Null-Sec Node,LGK-VP,1,
Null-Sec Node,LGK-VP,Intrasystem,Null-Sec Node,X1E-OQ,1,
Null-Sec Node,DSS-EZ,Intrasystem,Null-Sec Node,MB4D-4,1,
Null-Sec Node,3GD6-8,Intersystem,Null-Sec Node,DSS-EZ,3,
Null-Sec Node,GE-8JV,Intrasystem,Null-Sec Node,YHN-3K,1,
Null-Sec Node,YHN-3K,Intrasystem,Null-Sec Node,3GD6-8,1,
Null-Sec Node,V-3YG7,Intrasystem,Null-Sec Node,GE-8JV,1,
Null-Sec Node,36N-HZ,Intrasystem,Null-Sec Node,U-QVWD,1,
Null-Sec Node,B-3QPD,Intrasystem,Null-Sec Node,V-3YG7,1,
Null-Sec Node,U-QVWD,Intersystem,Null-Sec Node,0SHT-A,3,
Null-Sec Node,U-QVWD,Intrasystem,Null-Sec Node,B-3QPD,1,
Null-Sec Node,9KOE-A,Intrasystem,Null-Sec Node,36N-HZ,1,
Null-Sec Node,WD-VTV,Intrasystem,Null-Sec Node,9KOE-A,1,
Null-Sec Node,SV5-8Z,Intrasystem,Null-Sec Node,WD-VTV,1,
Null-Sec Node,HED-GP,Intrasystem,Null-Sec Node,SV5-8Z,1,
Med-Sec Node,Dital,Intersystem,Null-Sec Node,KBP7-G,3,
Med-Sec Node,Kerberz,Intrasystem,Hi-Sec Node,Arzanni,1,
Med-Sec Node,Kerberz,Intersystem,Null-Sec Node,HED-GP,3,
Hi-Sec Node,Choonka,Intrasystem,Med-Sec Node,Dital,1,
Hi-Sec Node,Lansez,Intrasystem,Med-Sec Node,Kerberz,1,
Hi-Sec Node,Bukah,Intrasystem,Hi-Sec Node,Lansez,1,
Hi-Sec Node,Agil,Intrasystem,Hi-Sec Node,Ipref,1,
Hi-Sec Node,Agil,Intrasystem,Hi-Sec Node,Bukah,1,
Hi-Sec Node,Hishai,Intrasystem,Hi-Sec Node,Agil,1,
Hi-Sec Node,Geztic,Intrasystem,Hi-Sec Node,Hishai,1,
Hi-Sec Node,Osis,Intrasystem,Hi-Sec Node,Geztic,1,
Hi-Sec Node,Sehsasex,Intrasystem,Hi-Sec Node,Osis,1,
Hi-Sec Node,Ervekam,Intrasystem,Hi-Sec Node,Yezara,1,
Hi-Sec Node,Ervekam,Intrasystem,Hi-Sec Node,Sehsasex,1,
Hi-Sec Node,Masanuh,Intersystem,Hi-Sec Node,Ervekam,3,
Hi-Sec Node,Leva,Intrasystem,Hi-Sec Node,Masanuh,1,
Lo-Sec Node,Vlillirier,Intrasystem,Lo-Sec Node,Alsovoinon,1,
Lo-Sec Node,Vlillirier,Intrasystem,Lo-Sec Node,Oicx,1,
Lo-Sec Node,Renarelle,Intrasystem,Lo-Sec Node,Vlillirier,1,
Lo-Sec Node,Renarelle,Intrasystem,Lo-Sec Node,Moclinamaud,1,
Null-Sec Node,YZ-LQL,Intrasystem,ITC,Serpentis Prime,3,
Null-Sec Node,ZQOS-A,Intrasystem,Null-Sec Node,YZ-LQL,1,
Null-Sec Node,671-ST,Intrasystem,Null-Sec Node,ZQOS-A,2,
Null-Sec Node,ESC-RI,Intrasystem,Null-Sec Node,671-ST,1,
Null-Sec Node,UAYL-F,Intrasystem,Null-Sec Node,ESC-RI,1,
Null-Sec Node,K8L-XY,Intrasystem,Null-Sec Node,UAYL-F,1,
Null-Sec Node,Y-1W01,Intrasystem,Null-Sec Node,K8L-XY,5,
Null-Sec Node,E-BWUU,Intrasystem,Null-Sec Node,Y-1W01,1,
Null-Sec Node,3WE-KY,Intrasystem,Null-Sec Node,IR-WT1,1,
Null-Sec Node,IR-WT1,Intrasystem,Null-Sec Node,E-BWUU,1,
Null-Sec Node,4-EP12,Intrasystem,Null-Sec Node,3WE-KY,1,
Null-Sec Node,XF-TQL,Intrasystem,Null-Sec Node,4-EP12,1,
Null-Sec Node,EI-O0O,Intrasystem,Null-Sec Node,Z9PP-H,1,
Null-Sec Node,Z9PP-H,Intrasystem,Null-Sec Node,XF-TQL,1,
Null-Sec Node,J5A-IX,Intrasystem,Null-Sec Node,EI-O0O,1,
Null-Sec Node,B-DBYQ,Intersystem,Null-Sec Node,J5A-IX,3,
Null-Sec Node,DY-F70,Intrasystem,Null-Sec Node,B-DBYQ,1,
Null-Sec Node,FD53-H,Intrasystem,Null-Sec Node,DY-F70,1,
Null-Sec Node,0-ZXUV,Intrasystem,Null-Sec Node,FD53-H,1,
Null-Sec Node,F7C-H0,Intrasystem,Null-Sec Node,0-ZXUV,1,
Lo-Sec Node,Alsovoinon,Intersystem,Null-Sec Node,F7C-H0,3,
Lo-Sec Node,Jan,Intrasystem,Lo-Sec Node,Navula,1,
Med-Sec Node,Autaris,Intrasystem,Lo-Sec Node,Jan,1,
Hi-Sec Node,Vellaine,Intrasystem,Med-Sec Node,Akonoinen,1,
Hi-Sec Node,Vellaine,Intrasystem,Med-Sec Node,Autaris,1,
Null-Sec Node,9-266Q,Intrasystem,ITC,H-PA29,5,
Null-Sec Node,MKD-O8,Intrasystem,Null-Sec Node,9-266Q,1,
Null-Sec Node,3A1P-N,Intrasystem,Null-Sec Node,MKD-O8,1,
Null-Sec Node,Q-CAB2,Intersystem,Null-Sec Node,3A1P-N,3,
Null-Sec Node,WH-JCA,Intrasystem,Null-Sec Node,W6VP-Y,1,
Null-Sec Node,WH-JCA,Intrasystem,Null-Sec Node,Q-CAB2,1,
Null-Sec Node,D7-ZAC,Intrasystem,Null-Sec Node,WH-JCA,1,
Null-Sec Node,H-W9TY,Intrasystem,Null-Sec Node,D7-ZAC,1,
Null-Sec Node,MSHD-4,Intrasystem,Null-Sec Node,H-W9TY,1,
Null-Sec Node,C2X-M5,Intrasystem,Null-Sec Node,MSHD-4,1,
Null-Sec Node,15W-GC,Intrasystem,Null-Sec Node,C2X-M5,1,
Null-Sec Node,E-OGL4,Intrasystem,Null-Sec Node,15W-GC,1,
Null-Sec Node,M-OEE8,Intrasystem,Null-Sec Node,E-OGL4,1,
Lo-Sec Node,Taisy,Intersystem,Null-Sec Node,M-OEE8,3,
Lo-Sec Node,Navula,Intrasystem,Lo-Sec Node,Taisy,1,
Med-Sec Node,Vuorrassi,Intrasystem,Lo-Sec Node,Navula,5,
Hi-Sec Node,Hageken,Intrasystem,Med-Sec Node,Vuorrassi,5,
Hi-Sec Node,Uosusuokko,Intrasystem,ITC,Piekura,5,
Hi-Sec Node,Uosusuokko,Intrasystem,Hi-Sec Node,Hageken,5,
Hi-Sec Node,Isikemi,Intrasystem,Hi-Sec Node,Uosusuokko,1,
Hi-Sec Node,Funtanainen,Intrasystem,Hi-Sec Node,Isikemi,2,
Hi-Sec Node,Sobaseki,Intrasystem,Hi-Sec Node,Isanamo,1,
Hi-Sec Node,Sobaseki,Intersystem,ITC,Jita,5,
Hi-Sec Node,Sobaseki,Intrasystem,Hi-Sec Node,Funtanainen,2,
Hi-Sec Node,Veisto,Intrasystem,Hi-Sec Node,Sobaseki,1,
Lo-Sec Node,Ertoo,Intrasystem,Lo-Sec Node,Khnar,1,
Null-Sec Node,4-JWWQ,Intersystem,Lo-Sec Node,Ertoo,3,
Null-Sec Node,RSS-KA,Intrasystem,Null-Sec Node,4-JWWQ,1,
Null-Sec Node,VSIG-K,Intrasystem,Null-Sec Node,RSS-KA,1,
Null-Sec Node,E9G-MT,Intrasystem,Null-Sec Node,1L-BHT,1,
Null-Sec Node,E9G-MT,Intersystem,Null-Sec Node,VSIG-K,3,
Null-Sec Node,U09-YG,Intrasystem,Null-Sec Node,E9G-MT,1,
Null-Sec Node,RL-KTO,Intrasystem,Null-Sec Node,U09-YG,1,
Null-Sec Node,C0T-77,Intrasystem,Null-Sec Node,RL-KTO,1,
Null-Sec Node,3KNK-A,Intersystem,Null-Sec Node,C0T-77,3,
Null-Sec Node,Z3V-1W,Intrasystem,ITC,UHKL-N,5,
Null-Sec Node,Z3V-1W,Intrasystem,Null-Sec Node,1DH-SX,1,
Null-Sec Node,A-ELE2,Intrasystem,Null-Sec Node,Z3V-1W,1,
Null-Sec Node,6Q-R50,Intrasystem,Null-Sec Node,A-ELE2,1,
Null-Sec Node,1-SMEB,Intrasystem,Null-Sec Node,Q-HESZ,1,
Null-Sec Node,1-SMEB,Intersystem,Null-Sec Node,Sakht,1,
Null-Sec Node,1-SMEB,Intrasystem,Null-Sec Node,6Q-R50,1,
Lo-Sec Node,Omigiav,Intrasystem,Null-Sec Node,Naga,1,
Lo-Sec Node,Omigiav,Intrasystem,Lo-Sec Node,Tisot,1,
Lo-Sec Node,Khnar,Intrasystem,Lo-Sec Node,Omigiav,1,
Lo-Sec Node,Hakatiz,Intrasystem,Lo-Sec Node,Khnar,1,
Lo-Sec Node,Fihrneh,Intrasystem,Lo-Sec Node,Hakatiz,1,
Lo-Sec Node,Kamih,Intrasystem,Lo-Sec Node,Gens,1,
Lo-Sec Node,Kamih,Intrasystem,Lo-Sec Node,Fihrneh,1,
Lo-Sec Node,Hier,Intrasystem,Lo-Sec Node,Kamih,1,
Lo-Sec Node,Sadana,Intrasystem,Lo-Sec Node,Hier,1,
Lo-Sec Node,Onaman,Intrasystem,Lo-Sec Node,Sadana,1,
Lo-Sec Node,Udianoor,Intrasystem,Lo-Sec Node,Onaman,1,
Lo-Sec Node,Vehan,Intrasystem,Lo-Sec Node,Udianoor,1,
Med-Sec Node,Misha,Intrasystem,Hi-Sec Node,Shaha,1,
Med-Sec Node,Ordion,Intrasystem,Med-Sec Node,Misha,1,
Med-Sec Node,Ordion,Intersystem,Hi-Sec Node,Alakgur,3,
Hi-Sec Node,ZInkon,Intersystem,Lo-Sec Node,Vehan,3,
Hi-Sec Node,Nare,Intrasystem,Lo-Sec Node,Imih,1,
Hi-Sec Node,Nare,Intrasystem,Hi-Sec Node,Soumi,1,
Hi-Sec Node,Nare,Intrasystem,Hi-Sec Node,ZInkon,1,
Hi-Sec Node,Kizama,Intrasystem,Hi-Sec Node,Nare,1,
Hi-Sec Node,Shaha,Intrasystem,Hi-Sec Node,Kizama,1,
Null-Sec Node,S-E6ES,Intersystem,Null-Sec Node,H-ADOC,3,
Null-Sec Node,EIN-QG,Intrasystem,Null-Sec Node,S-E6ES,1,
Null-Sec Node,R-3FBU,Intrasystem,Null-Sec Node,ARG-3R,1,
Null-Sec Node,R-3FBU,Intrasystem,Null-Sec Node,EIN-QG,1,
Null-Sec Node,8G-MQV,Intrasystem,Null-Sec Node,VOL-MI,1,
Null-Sec Node,CL-85V,Intrasystem,Null-Sec Node,8G-MQV,1,
Null-Sec Node,K-QWHE,Intrasystem,Null-Sec Node,CL-85V,1,
Null-Sec Node,RMOC-W,Intrasystem,Null-Sec Node,K-QWHE,1,
Null-Sec Node,RMOC-W,Intrasystem,Null-Sec Node,Hemin,1,
Null-Sec Node,Hemin,Intrasystem,Null-Sec Node,Utopia,1,
Null-Sec Node,Hemin,Intrasystem,Null-Sec Node,Jorund,1,
Null-Sec Node,Jorund,Intrasystem,Null-Sec Node,Doril,1,
Null-Sec Node,Doril,Intrasystem,Null-Sec Node,Utopia,1,
Lo-Sec Node,Sendaya,Intersystem,Null-Sec Node,Doril,3,
Lo-Sec Node,Mifrata,Intrasystem,Lo-Sec Node,Sendaya,1,
Lo-Sec Node,Mifrata,Intrasystem,Med-Sec Node,Ihal,1,
Med-Sec Node,Shedoo,Intrasystem,Med-Sec Node,Berta,1,
Med-Sec Node,Ihal,Intrasystem,Med-Sec Node,Shedoo,2,
Med-Sec Node,Berta,Intrasystem,Hi-Sec Node,Juddi,1,
Null-Sec Node,VOL-MI,Intrasystem,Null-Sec Node,HWL-HP,1,
Null-Sec Node,VOL-MI,Intersystem,Null-Sec Node,ARG-3R,3,
Null-Sec Node,Y-DW5K,Intrasystem,Null-Sec Node,H-ADOC,1,
Null-Sec Node,M-N7WD,Intrasystem,Null-Sec Node,Y-DW5K,1,
Null-Sec Node,M-N7WD,Intrasystem,Null-Sec Node,XX9-WV,1,
Null-Sec Node,RA-NXN,Intrasystem,Null-Sec Node,XX9-WV,1,
Null-Sec Node,HWL-HP,Intrasystem,Null-Sec Node,RA-NXN,1,
Null-Sec Node,KLMT-W,Intrasystem,Null-Sec Node,HWL-HP,1,
Null-Sec Node,UT-UZB,Intersystem,Null-Sec Node,KLMT-W,3,
Null-Sec Node,VXO-OM,Intrasystem,Null-Sec Node,UT-UZB,1,
Null-Sec Node,AZF-GH,Intrasystem,Null-Sec Node,VXO-OM,1,
Null-Sec Node,CRXA-Y,Intrasystem,Null-Sec Node,AZF-GH,1,
Null-Sec Node,JPL-RA,Intrasystem,Null-Sec Node,CRXA-Y,1,
Null-Sec Node,NK-7XO,Intrasystem,Null-Sec Node,JPL-RA,1,
Lo-Sec Node,Galnafsad,Intrasystem,Lo-Sec Node,Otakod,1,
Lo-Sec Node,Shalne,Intrasystem,Lo-Sec Node,Olin,1,
Lo-Sec Node,Shalne,Intrasystem,Lo-Sec Node,Galnafsad,1,
Lo-Sec Node,Gonditsa,Intrasystem,Lo-Sec Node,Shalne,1,
Lo-Sec Node,Gonditsa,Intrasystem,Lo-Sec Node,Korridi,1,
Lo-Sec Node,Gonditsa,Intrasystem,Lo-Sec Node,Shapisin,1,
Null-Sec Node,D85-VD,Intersystem,Lo-Sec Node,Faurulle,3,
Null-Sec Node,KFR-ZE,Intrasystem,Null-Sec Node,D85-VD,1,
Null-Sec Node,Y-W6GF,Intrasystem,Null-Sec Node,KFR-ZE,1,
Null-Sec Node,3MOG-V,Intrasystem,Null-Sec Node,Y-W6GF,1,
Null-Sec Node,TXW-EI,Intrasystem,Null-Sec Node,3MOG-V,1,
Null-Sec Node,5-FGQI,Intrasystem,Null-Sec Node,TXW-EI,1,
Null-Sec Node,5-FGQI,Intrasystem,Null-Sec Node,8V-SJJ,1,
Null-Sec Node,8V-SJJ,Intrasystem,Null-Sec Node,3KNK-A,1,
Null-Sec Node,K5-JRD,Intrasystem,Null-Sec Node,8V-SJJ,1,
Lo-Sec Node,Babirmoult,Intrasystem,Lo-Sec Node,Faurulle,1,
Lo-Sec Node,Hare,Intrasystem,Lo-Sec Node,Ogaria,1,
Lo-Sec Node,Hare,Intrasystem,Lo-Sec Node,Babirmoult,1,
Lo-Sec Node,Ogaria,Intrasystem,Lo-Sec Node,Faurulle,1,
Lo-Sec Node,Agaullores,Intersystem,Lo-Sec Node,Faurulle,3,
Lo-Sec Node,Shirshocin,Intersystem,Lo-Sec Node,Agaullores,3,
Lo-Sec Node,Zayi,Intrasystem,Lo-Sec Node,Van,1,
Lo-Sec Node,Zayi,Intrasystem,Lo-Sec Node,Shirshocin,1,
Lo-Sec Node,Van,Intersystem,Lo-Sec Node,Otakod,3,
Med-Sec Node,Bherdasopt,Intrasystem,Lo-Sec Node,Gonditsa,1,
Med-Sec Node,Bherdasopt,Intrasystem,Med-Sec Node,Malma,1,
Med-Sec Node,Pamah,Intrasystem,Med-Sec Node,Pashanai,1,
Med-Sec Node,Malma,Intrasystem,Med-Sec Node,Pamah,1,
Med-Sec Node,Pashanai,Intrasystem,Med-Sec Node,Manatirid,1,
Med-Sec Node,Manatirid,Intrasystem,Hi-Sec Node,Diaderi,1,
Hi-Sec Node,Diaderi,Intersystem,Hi-Sec Node,Tourier,3,
Null-Sec Node,8YC-AN,Intrasystem,ITC,E02-IK,5,
Null-Sec Node,7Q-8Z2,Intrasystem,Null-Sec Node,8YC-AN,1,
Lo-Sec Node,Yishinoon,Intrasystem,Hi-Sec Node,Nimambal,1,
Lo-Sec Node,Uplinger,Intrasystem,Lo-Sec Node,Yishinoon,1,
Lo-Sec Node,Uplinger,Intrasystem,Hi-Sec Node,Trytedald,1,
Lo-Sec Node,Khabi,Intersystem,Null-Sec Node,7Q-8Z2,3,
Lo-Sec Node,Ubtes,Intrasystem,Hi-Sec Node,Nimambal,1,
Lo-Sec Node,Ubtes,Intrasystem,Lo-Sec Node,Khabi,1,
Hi-Sec Node,Trytedald,Intersystem,Hi-Sec Node,Odatrik,3,
Hi-Sec Node,Mohas,Intrasystem,Hi-Sec Node,Nimambal,1,
Hi-Sec Node,Radima,Intrasystem,Hi-Sec Node,Mohas,1,
Hi-Sec Node,Hasiari,Intrasystem,Hi-Sec Node,Radima,1,
Hi-Sec Node,Dantan,Intersystem,Hi-Sec Node,Amdonen,1,
Hi-Sec Node,Dantan,Intersystem,Hi-Sec Node,Danyana,3,
Hi-Sec Node,Danyana,Intrasystem,ITC,Nibainkier,5,
Hi-Sec Node,Sehmy,Intrasystem,Hi-Sec Node,Kor-Azor Prime,1,
Hi-Sec Node,Sehmy,Intrasystem,Hi-Sec Node,Danyana,1,
Hi-Sec Node,Kor-Azor Prime,Intrasystem,Hi-Sec Node,Nakregde,1,
Hi-Sec Node,Kor-Azor Prime,Intrasystem,Hi-Sec Node,Amdonen,1,
Hi-Sec Node,Kor-Azor Prime,Intrasystem,Hi-Sec Node,Leva,1,
Hi-Sec Node,Akpivem,Intrasystem,Hi-Sec Node,Yuzier,1,
Hi-Sec Node,Akpivem,Intrasystem,Hi-Sec Node,Tanoo,1,
Hi-Sec Node,Akpivem,Intrasystem,ITC,Maspah,3,
Hi-Sec Node,Sasta,Intrasystem,Hi-Sec Node,Tanoo,1,
Hi-Sec Node,Sasta,Intrasystem,Hi-Sec Node,Hasiari,1,
Hi-Sec Node,Jark,Intrasystem,Hi-Sec Node,Sasta,1,
Hi-Sec Node,Odatrik,Intersystem,Hi-Sec Node,Jark,3,
Hi-Sec Node,Abudan,Intrasystem,Hi-Sec Node,Alakgur,1,
Hi-Sec Node,Abudan,Intrasystem,Hi-Sec Node,Avesber,1,
Hi-Sec Node,Abudan,Intrasystem,Hi-Sec Node,Odatrik,1,
Hi-Sec Node,Gyng,Intrasystem,Hi-Sec Node,Onga,1,
Hi-Sec Node,Gyng,Intrasystem,Hi-Sec Node,Frarn,1,
Hi-Sec Node,Gyng,Intrasystem,Hi-Sec Node,Avesber,1,
Hi-Sec Node,Onga,Intrasystem,Hi-Sec Node,Magiko,1,
Med-Sec Node,Osoggur,Intrasystem,Hi-Sec Node,Abudan,1,
Lo-Sec Node,Anamake,Intrasystem,Lo-Sec Node,Vard,1,
Lo-Sec Node,Anamake,Intrasystem,Med-Sec Node,Osoggur,1,
Lo-Sec Node,Anamake,Intrasystem,Lo-Sec Node,Siseide,1,
Lo-Sec Node,Anamake,Intrasystem,Lo-Sec Node,Gulmorogod,1,
Lo-Sec Node,Anamake,Intrasystem,Lo-Sec Node,Auga,1,
Lo-Sec Node,Vecamia,Intrasystem,Med-Sec Node,Cleyd,1,
Med-Sec Node,Lor,Intrasystem,Hi-Sec Node,Shera,1,
Med-Sec Node,Cleyd,Intrasystem,Med-Sec Node,Lor,1,
Med-Sec Node,Tarta,Intrasystem,Hi-Sec Node,Girani-Fa,1,
Med-Sec Node,Tarta,Intrasystem,Lo-Sec Node,Vecamia,1,
Med-Sec Node,Tarta,Intrasystem,Med-Sec Node,Zoohen,1,
Hi-Sec Node,Aphend,Intersystem,ITC,Tash-Murkon Prime,5,
Hi-Sec Node,Dresi,Intrasystem,Hi-Sec Node,Aphend,1,
Hi-Sec Node,Gensela,Intrasystem,Hi-Sec Node,Dresi,1,
Hi-Sec Node,Gensela,Intersystem,Hi-Sec Node,Shera,3,
Hi-Sec Node,Tekaima,Intrasystem,Med-Sec Node,Tarta,1,
Hi-Sec Node,Tar,Intrasystem,Hi-Sec Node,Tekaima,1,
Hi-Sec Node,Bhizheba,Intrasystem,ITC,Amarr,5,
Hi-Sec Node,Bhizheba,Intersystem,ITC,Tash-Murkon Prime,5,
Hi-Sec Node,Romi,Intrasystem,Hi-Sec Node,Aphend,1,
Hi-Sec Node,Romi,Intrasystem,Hi-Sec Node,Bhizheba,1,
Med-Sec Node,Asanot,Intrasystem,ITC,Itrin,3,
Med-Sec Node,Anzalaisio,Intrasystem,ITC,Itrin,3,
Med-Sec Node,Anzalaisio,Intrasystem,Hi-Sec Node,Anyed,1,
Med-Sec Node,Heorah,Intrasystem,Hi-Sec Node,Doza,1,
Med-Sec Node,Nasreri,Intrasystem,Med-Sec Node,Heorah,1,
Hi-Sec Node,Anyed,Intrasystem,Med-Sec Node,Asanot,1,
Hi-Sec Node,Anyed,Intrasystem,Med-Sec Node,Imya,1,
Hi-Sec Node,Gergish,Intrasystem,Med-Sec Node,Imya,1,
Hi-Sec Node,Madomi,Intrasystem,Hi-Sec Node,Gergish,1,
Hi-Sec Node,Doza,Intrasystem,Hi-Sec Node,Madomi,1,
Hi-Sec Node,Girani-Fa,Intrasystem,Med-Sec Node,Nasreri,1,
Hi-Sec Node,Girani-Fa,Intersystem,Hi-Sec Node,Aydoteaux,3,
Hi-Sec Node,Tolle,Intrasystem,Hi-Sec Node,Aydoteaux,1,
Hi-Sec Node,Tolle,Intersystem,Hi-Sec Node,Manarq,3,
Hi-Sec Node,Manarq,Intrasystem,Hi-Sec Node,Kemerk,1,
Hi-Sec Node,Manarq,Intrasystem,Hi-Sec Node,Tar,1,
Lo-Sec Node,Oddelulf,Intrasystem,Lo-Sec Node,Bosena,1,
Lo-Sec Node,Oddelulf,Intrasystem,ITC,Istodard,5,
Hi-Sec Node,Gelfiven,Intrasystem,Lo-Sec Node,Oddelulf,1,
Hi-Sec Node,Teonusude,Intrasystem,Hi-Sec Node,Aeddin,1,
Hi-Sec Node,Teonusude,Intrasystem,Lo-Sec Node,Bosena,1,
Hi-Sec Node,Teonusude,Intrasystem,Hi-Sec Node,Gelfiven,1,
Hi-Sec Node,Magiko,Intersystem,Hi-Sec Node,Teonusude,3,
Hi-Sec Node,Vullat,Intrasystem,Hi-Sec Node,Magiko,1,
Null-Sec Node,A-SJ8X,Intersystem,ITC,4C-B7X,5,
Null-Sec Node,2P-4LS,Intrasystem,Null-Sec Node,A-SJ8X,1,
Null-Sec Node,OLTQ-C,Intrasystem,Null-Sec Node,31-MLU,1,
Null-Sec Node,OLTQ-C,Intrasystem,Null-Sec Node,2P-4LS,1,
Hi-Sec Node,Irnin,Intrasystem,ITC,Amarr,5,
Hi-Sec Node,Martha,Intrasystem,Hi-Sec Node,Irnin,1,
Hi-Sec Node,Martha,Intersystem,Hi-Sec Node,Kooreng,3,
Hi-Sec Node,Ahtila,Intrasystem,Hi-Sec Node,Ichoriya,1,
Hi-Sec Node,Ahtila,Intrasystem,ITC,Onnamon,5,
Lo-Sec Node,Akidagi,Intrasystem,Hi-Sec Node,Ichoriya,1,
Lo-Sec Node,Akidagi,Intrasystem,Lo-Sec Node,Nennamaila,1,
Lo-Sec Node,Nennamaila,Intersystem,Lo-Sec Node,Aldranette,3,
Lo-Sec Node,Hikkoken,Intrasystem,Lo-Sec Node,Pynekastoh,1,
Lo-Sec Node,Hikkoken,Intrasystem,Lo-Sec Node,Nennamaila,1,
Lo-Sec Node,Oinasiken,Intrasystem,Lo-Sec Node,Pynekastoh,1,
Lo-Sec Node,Abune,Intersystem,Lo-Sec Node,Oinasiken,3,
Lo-Sec Node,Heydieles,Intrasystem,Med-Sec Node,Actee,1,
Lo-Sec Node,Heydieles,Intrasystem,Lo-Sec Node,Abune,1,
Lo-Sec Node,Old Man Star,Intrasystem,Lo-Sec Node,Heydieles,1,
Med-Sec Node,Palpis,Intrasystem,Med-Sec Node,Arveyil,1,
Med-Sec Node,Uuhulanen,Intrasystem,ITC,Onnamon,3,
Med-Sec Node,Uuhulanen,Intersystem,Med-Sec Node,Palpis,3,
Med-Sec Node,Litiura,Intrasystem,Hi-Sec Node,Elonaya,1,
Hi-Sec Node,Mili,Intrasystem,Hi-Sec Node,Faktun,1,
Hi-Sec Node,Ulerah,Intrasystem,Hi-Sec Node,Nidebora,1,
Hi-Sec Node,Ulerah,Intrasystem,Hi-Sec Node,Faktun,1,
Hi-Sec Node,Nidebora,Intrasystem,Med-Sec Node,Palpis,1,
Hi-Sec Node,Piak,Intersystem,ITC,Onnamon,5,
Hi-Sec Node,Elonaya,Intrasystem,Hi-Sec Node,Piak,1,
Hi-Sec Node,Uemisanisen,Intrasystem,Med-Sec Node,Litiura,1,
Lo-Sec Node,Tararan,Intrasystem,Lo-Sec Node,Halmah,1,
Lo-Sec Node,Tararan,Intrasystem,ITC,Asghed,3,
Lo-Sec Node,Arzad,Intrasystem,Lo-Sec Node,Tararan,1,
Lo-Sec Node,Ezzara,Intrasystem,Lo-Sec Node,Arzad,1,
Lo-Sec Node,Vard,Intersystem,Lo-Sec Node,Ezzara,3,
Hi-Sec Node,Murini,Intrasystem,Hi-Sec Node,Nordar,1,
Hi-Sec Node,Shaggoth,Intrasystem,Hi-Sec Node,Elmed,1,
Hi-Sec Node,Shaggoth,Intrasystem,Hi-Sec Node,Kooreng,1,
Hi-Sec Node,Shaggoth,Intrasystem,Hi-Sec Node,Murini,1,
Hi-Sec Node,Algasienan,Intrasystem,Med-Sec Node,Vivanier,1,
Hi-Sec Node,Algasienan,Intersystem,Hi-Sec Node,Shaggoth,3,
Hi-Sec Node,Archavoinet,Intrasystem,Hi-Sec Node,Algasienan,1,
Lo-Sec Node,Halmah,Intrasystem,ITC,Asghed,3,
Lo-Sec Node,Halmah,Intrasystem,Hi-Sec Node,Mili,1,
Lo-Sec Node,Aubenall,Intrasystem,Lo-Sec Node,Oulley,1,
Lo-Sec Node,Aubenall,Intrasystem,Lo-Sec Node,Renarelle,1,
Lo-Sec Node,Aubenall,Intrasystem,Hi-Sec Node,Archavoinet,1,
Med-Sec Node,Saatuban ,Intrasystem,ITC,Piekura,3,
Hi-Sec Node,Heidon,Intrasystem,Hi-Sec Node,Mabnen,1,
Hi-Sec Node,Heidon,Intrasystem,Hi-Sec Node,Boranai,1,
Hi-Sec Node,Boranai,Intersystem,ITC,Kador Prime,5,
Hi-Sec Node,Ikuchi,Intrasystem,ITC,Jita,3,
Hi-Sec Node,Ikuchi,Intrasystem,Hi-Sec Node,Tunttara,1,
Hi-Sec Node,Tunttara,Intrasystem,Hi-Sec Node,Nourvukaiken,1,
Lo-Sec Node,Tama,Intersystem,Lo-Sec Node,Kedama,1,
Lo-Sec Node,Sujarento,Intrasystem,Lo-Sec Node,Nagamanen,1,
Lo-Sec Node,Sujarento,Intrasystem,Lo-Sec Node,Tama,1,
Lo-Sec Node,Onatoh,Intrasystem,Lo-Sec Node,Sujarento,1,
Lo-Sec Node,Tannolen,Intrasystem,Lo-Sec Node,Onatoh,1,
Hi-Sec Node,Nourvukaiken,Intrasystem,Hi-Sec Node,Iidoken,1,
Hi-Sec Node,Nourvukaiken,Intersystem,Lo-Sec Node,Tama,3,
Hi-Sec Node,Tierijev,Intersystem,Lo-Sec Node,Tannolen,3,
Hi-Sec Node,Chantrousse,Intrasystem,Hi-Sec Node,Osmomonne,1,
Hi-Sec Node,Chantrousse,Intrasystem,Hi-Sec Node,Tierijev,1,
Lo-Sec Node,Kourmonen,Intrasystem,ITC,Kamela,3,
Lo-Sec Node,Auga,Intersystem,Lo-Sec Node,Kourmonen,3,
Lo-Sec Node,Siseide,Intrasystem,Lo-Sec Node,Auga,1,
Lo-Sec Node,Siseide,Intrasystem,Lo-Sec Node,Vard,1,
Lo-Sec Node,Egghelende,Intersystem,Lo-Sec Node,Siseide,3,
Med-Sec Node,Tuomuta,Intrasystem,Hi-Sec Node,Mies,1,
Med-Sec Node,Uedama,Intrasystem,Hi-Sec Node,Haatomo,1,
Med-Sec Node,Uedama,Intrasystem,Hi-Sec Node,Sivala,1,
Med-Sec Node,Uedama,Intrasystem,Hi-Sec Node,Juunigaishi,1,
Hi-Sec Node,Halaima,Intersystem,Hi-Sec Node,Sarekuwa,3,
Hi-Sec Node,Jel,Intrasystem,Lo-Sec Node,Egghelende,1,
Hi-Sec Node,Ardallabier,Intersystem,Hi-Sec Node,Jel,3,
Hi-Sec Node,Lirsautton,Intrasystem,Hi-Sec Node,Ardallabier,1,
Hi-Sec Node,Blameston,Intrasystem,Hi-Sec Node,Lirsautton,1,
Hi-Sec Node,Otelen,Intrasystem,Hi-Sec Node,Kuomi,1,
Hi-Sec Node,Otelen,Intrasystem,Hi-Sec Node,Mies,1,
Hi-Sec Node,Mahrokht,Intersystem,Hi-Sec Node,Otelen,3,
Hi-Sec Node,Alkabsi,Intrasystem,Hi-Sec Node,Mahrokht,1,
Hi-Sec Node,Sarum Prime,Intrasystem,Hi-Sec Node,Hama,1,
Hi-Sec Node,Sarum Prime,Intrasystem,Hi-Sec Node,Alkabsi,1,
Hi-Sec Node,Ashab,Intrasystem,Hi-Sec Node,Kehour,1,
Hi-Sec Node,Ashab,Intrasystem,ITC,Amarr,3,
Hi-Sec Node,Ashab,Intrasystem,Hi-Sec Node,Heidon,1,
Hi-Sec Node,Madirmillire,Hi Traffic,Med-Sec Node,Niajara,3,
Hi-Sec Node,Madirmillire,Intrasystem,Hi-Sec Node,Romi,1,
Hi-Sec Node,Madirmillire,Intrasystem,Hi-Sec Node,Ashab,1,
Hi-Sec Node,Madirmillire,Intrasystem,Med-Sec Node,Niajara,1,
Hi-Sec Node,Kaaputenen,Hi Traffic,Med-Sec Node,Niajara,3,
Hi-Sec Node,Kaaputenen,Intrasystem,Hi-Sec Node,Inaro,1,
Hi-Sec Node,Kaaputenen,Intersystem,Med-Sec Node,Niajara,3,
Hi-Sec Node,Kamio,Intrasystem,Hi-Sec Node,Halaima,1,
Hi-Sec Node,Kamio,Intrasystem,Hi-Sec Node,Kaaputenen,1,
Hi-Sec Node,Ikao,Intrasystem,Med-Sec Node,Uedama,1,
Hi-Sec Node,Ikao,Intrasystem,Hi-Sec Node,Kamio,1,
Hi-Sec Node,Iidoken,Intrasystem,Hi-Sec Node,Isanamo,1,
Hi-Sec Node,Isanamo,Intrasystem,Med-Sec Node,Saatuban ,1,
Hi-Sec Node,Isanamo,Intrasystem,Hi-Sec Node,Uemisanisen,1,
Hi-Sec Node,Isanamo,Intersystem,ITC,Alikara,5,
Hi-Sec Node,Perimeter,Hi Traffic,Hi-Sec Node,Urlen,3,
Hi-Sec Node,Perimeter,Intersystem,Hi-Sec Node,Iyen-Oursta,1,
Hi-Sec Node,Perimeter,Intrasystem,ITC,Jita,5,
Hi-Sec Node,Sarekuwa,Intrasystem,Hi-Sec Node,Iidoken,1,
Hi-Sec Node,Sarekuwa,Intrasystem,Hi-Sec Node,Veisto,1,
Hi-Sec Node,Sirppala,Intersystem,Hi-Sec Node,Urlen,3,
Hi-Sec Node,Urlen,Hi Traffic,Hi-Sec Node,Unpas,3,
Hi-Sec Node,Urlen,Intrasystem,Hi-Sec Node,Unpas,3,
Hi-Sec Node,Urlen,Intrasystem,Hi-Sec Node,Perimeter,1,
Hi-Sec Node,Anttiri,Intrasystem,Hi-Sec Node,Sirppala,1,
Hi-Sec Node,Juunigaishi,Intrasystem,Hi-Sec Node,Suroken,1,
Hi-Sec Node,Juunigaishi,Intrasystem,Hi-Sec Node,Anttiri,1,
Hi-Sec Node,Hatakani,Intrasystem,Hi-Sec Node,Yashunen,1,
Hi-Sec Node,Hatakani,Intrasystem,Hi-Sec Node,Sivala,1,
Hi-Sec Node,Kassigainen,Intrasystem,Hi-Sec Node,Yashunen,1,
Hi-Sec Node,Kassigainen,Intrasystem,Hi-Sec Node,Hatakani,1,
Hi-Sec Node,Algogille,Intersystem,Hi-Sec Node,Kassigainen,3,
Null-Sec Node,X-M2LR,Intrasystem,Null-Sec Node,K5-JRD,1,
Null-Sec Node,X-M2LR,Intrasystem,ITC,BMNV-P,5,
Null-Sec Node,FD-MLJ,Intrasystem,Null-Sec Node,X-BV98,1,
Null-Sec Node,FD-MLJ,Intrasystem,Null-Sec Node,X-M2LR,1,
Null-Sec Node,PF-346,Intrasystem,Null-Sec Node,FD-MLJ,1,
Med-Sec Node,Mesybier,Intrasystem,Med-Sec Node,Pemene,1,
Med-Sec Node,Mesybier,Intersystem,Hi-Sec Node,Orvolle,3,
Med-Sec Node,Villore,Intrasystem,Hi-Sec Node,Cat,1,
Med-Sec Node,Villore,Intrasystem,Lo-Sec Node,Old Man Star,1,
Med-Sec Node,Villore,Intrasystem,Med-Sec Node,Pemene,1,
Hi-Sec Node,Orvolle,Intrasystem,Lo-Sec Node,Oulley,1,
Hi-Sec Node,Orvolle,Intersystem,Null-Sec Node,PF-346,3,
Hi-Sec Node,Aidart,Intersystem,Hi-Sec Node,Stacmon,3,
Hi-Sec Node,Stacmon,Intrasystem,ITC,Ostingele,5,
Hi-Sec Node,Cistuvaert,Intrasystem,Hi-Sec Node,Aidart,1,
Med-Sec Node,Hek,Intrasystem,Med-Sec Node,Hror,1,
Med-Sec Node,Hek,Intrasystem,ITC,Nakugard,5,
Med-Sec Node,Hek,Intersystem,Hi-Sec Node,Eystur,3,
Med-Sec Node,Uttindar,Intrasystem,Med-Sec Node,Hek,1,
Med-Sec Node,Colelie,Intersystem,Hi-Sec Node,Bei,3,
Med-Sec Node,Deltole,Intrasystem,Med-Sec Node,Augnais,1,
Med-Sec Node,Deltole,Intrasystem,Med-Sec Node,Colelie,1,
Med-Sec Node,Balle,Intrasystem,Hi-Sec Node,Aufay,1,
Hi-Sec Node,Ourapheh,Intrasystem,Hi-Sec Node,Manarq,1,
Hi-Sec Node,Ourapheh,Intrasystem,Hi-Sec Node,Yulai,1,
Hi-Sec Node,Ourapheh,Intersystem,Hi-Sec Node,Chantrousse,3,
ITC,Jita,Intrasystem,Hi-Sec Node,New Caldari,5,
ITC,Jita,Hi Traffic,Hi-Sec Node,Perimeter,3,
ITC,Auvergne,Intrasystem,Hi-Sec Node,Botane,3,
ITC,Auvergne,Intrasystem,Hi-Sec Node,Vylade,3,
Hi-Sec Node,Erme,Intersystem,Med-Sec Node,Villore,3,
Hi-Sec Node,Du Annes,Intrasystem,Med-Sec Node,Balle,1,
Hi-Sec Node,Du Annes,Intrasystem,Hi-Sec Node,Erme,1,
Hi-Sec Node,Botane,Intrasystem,Hi-Sec Node,Erme,1,
Hi-Sec Node,Botane,Intrasystem,Hi-Sec Node,Eglennaert,1,
Hi-Sec Node,Botane,Intersystem,Hi-Sec Node,Ourapheh,3,
ITC,Kamela,Intrasystem,Lo-Sec Node,Sosala,5,
ITC,Kamela,Intrasystem,Med-Sec Node,Tuomuta,3,
ITC,Kamela,Intersystem,Hi-Sec Node,Choonka,5,
ITC,Ostingele,Intrasystem,Lo-Sec Node,Agoze,3,
ITC,BMNV-P,Intrasystem,Null-Sec Node,31-MLU,1,
ITC,Bereye,Intrasystem,Hi-Sec Node,Leremblompes,3,
ITC,Renyn,Intrasystem,Hi-Sec Node,Oursulaert,3,
ITC,Renyn,Intrasystem,Hi-Sec Node,Algogille,3,
ITC,Renyn,Intersystem,Hi-Sec Node,Du Annes,5,
ITC,Renyn,Intersystem,Hi-Sec Node,Pakhshi,5,
ITC,Renyn,Intersystem,Hi-Sec Node,Grinacanne,5,
ITC,Asghed,Intrasystem,Lo-Sec Node,Labapi,3,
ITC,Amarr,Intrasystem,Hi-Sec Node,Heidon,5,
ITC,Amarr,Intrasystem,Hi-Sec Node,Sarum Prime,3,
ITC,Amarr,Intersystem,Hi-Sec Node,Kor-Azor Prime,5,True
ITC,Kador Prime,Intrasystem,Hi-Sec Node,Dantan,3,
ITC,Kador Prime,Intrasystem,Hi-Sec Node,Nordar,3,
ITC,Alentene,Intrasystem,Hi-Sec Node,Scolluzer,5,
ITC,Alentene,Intrasystem,Hi-Sec Node,Cistuvaert,1,
ITC,Pator,Intrasystem,Hi-Sec Node,Onga,5,
ITC,Piekura,Intrasystem,Lo-Sec Node,Mara,5,
ITC,Alikara,Intersystem,Hi-Sec Node,Vellaine,5,""
ITC,Tash-Murkon Prime,Intrasystem,Hi-Sec Node,Emrayur,5,
ITC,Nibainkier,Intrasystem,Med-Sec Node,Shokal,5,
ITC,Maspah,Intrasystem,Hi-Sec Node,Juddi,5,
ITC,Heluene,Intrasystem,Lo-Sec Node,Hare,5,
ITC,Heluene,Intrasystem,Lo-Sec Node,Anckee,5,
ITC,E02-IK,Intrasystem,Null-Sec Node,NK-7XO,5,
ITC,G-G78S,Intrasystem,Null-Sec Node,H-ADOC,5,
ITC,UHKL-N,Intersystem,Null-Sec Node,A-B04V,3,
ITC,4C-B7X,Intrasystem,Null-Sec Node,F-XWIN,1,
Hi-Sec Node,Oursulaert,Intrasystem,Hi-Sec Node,Miles,1,
Hi-Sec Node,Oursulaert,Intersystem,Hi-Sec Node,Pakhshi,3,
Hi-Sec Node,Miles,Intrasystem,Hi-Sec Node,Luminaire,1,
Hi-Sec Node,Miles,Intersystem,ITC,Bereye,5,
Hi-Sec Node,Yulai,Intrasystem,Hi-Sec Node,Kemerk,1,
Hi-Sec Node,Yulai,Intersystem,Hi-Sec Node,Tourier,3,
Hi-Sec Node,Tourier,Intrasystem,Hi-Sec Node,Alenia,1,
Hi-Sec Node,Alenia,Intrasystem,ITC,Alentene,5,
Hi-Sec Node,Vylade,Intrasystem,Med-Sec Node,Balle,1,
Hi-Sec Node,Vylade,Intersystem,Hi-Sec Node,Blameston,3,
Hi-Sec Node,Aufay,Intrasystem,Med-Sec Node,Deltole,1,
Hi-Sec Node,Bei,Intrasystem,Lo-Sec Node,Hagilur,1,
Hi-Sec Node,Bei,Intrasystem,Med-Sec Node,Uttindar,1,
Hi-Sec Node,Eystur,Intrasystem,Hi-Sec Node,Lustrevik,1,
Hi-Sec Node,Eystur,Intrasystem,Hi-Sec Node,Vullat,1,
Hi-Sec Node,Eystur,Intrasystem,ITC,Pator,5,
